{
  "Sodium (mg)": {
    "daily_recommended_intake": 2000
  },
  "Potassium (mg)": {
    "daily_recommended_intake": 3200
  },
  "Calcium (mg)": {
    "daily_recommended_intake": 1100
  },
  "Phosphorus (mg)": {
    "daily_recommended_intake": 700
  },
  "Magnesium (mg)": {
    "daily_recommended_intake": 420
  },
  "Folic acid (µg)": {
    "daily_recommended_intake": 200
  },
  "Iron (Fier) (mg)": {
    "daily_recommended_intake": 11
  },
  "Copper - Cupru (mg)": {
    "daily_recommended_intake": 1
  },
  "Selenium (µg)": {
    "daily_recommended_intake": 55
  },
  "Zinc (mg)": {
    "daily_recommended_intake": 15
  },
  "Vitamin K (µg)": {
    "daily_recommended_intake": 80
  },
  "Vitamin A - Retinol (µg)": {
    "daily_recommended_intake": 1000
  },
  "Carotene, alpha (µg)": {
    "daily_recommended_intake": "None"
  },
  "Betacarotene (µg)": {
    "daily_recommended_intake": "None"
  },
  "Lutein + zeaxanthin (µg)": {
    "daily_recommended_intake": 12
  },
  "Lycopene (µg)": {
    "daily_recommended_intake": "None"
  },
  "Choline (mg)": {
    "daily_recommended_intake": 510
  },
  "Vitamin D (µg)": {
    "daily_recommended_intake": 20
  },
  "Vitamin E (mg)": {
    "daily_recommended_intake": 15
  },
  "Vitamin B1 or Thiamin (mg)": {
    "daily_recommended_intake": 1.5
  },
  "Vitamin B2 or Riboflavin (mg)": {
    "daily_recommended_intake": 1.7
  },
  "Vitamin B3 or Niacin (mg)": {
    "daily_recommended_intake": 19
  },
  "Vitamin B6 (mg)": {
    "daily_recommended_intake": 2
  },
  "Vitamin B9 or Folate (µg)": {
    "daily_recommended_intake": 400
  },
  "Vitamin B12 (µg)": {
    "daily_recommended_intake": 2
  },
  "Vitamin C (mg)": {
    "daily_recommended_intake": 90
  },
  "Cholesterol (mg)": {
    "daily_recommended_intake": "None"
  },
  "EPA (g)": {
    "daily_recommended_intake": 0.7
  },
  "DHA (g)": {
    "daily_recommended_intake": 1.4
  },
  "DPA (g)": {
    "daily_recommended_intake": 0.45
  },
  "Fatty acids, total monounsaturated (g)": {
    "daily_recommended_intake": 38
  },
  "Fatty acids, total polyunsaturated (g)": {
    "daily_recommended_intake": 15
  },
  "Fatty acids, total saturated (g)": {
    "daily_recommended_intake": 13
  },
  "Theobromine (mg)": {
    "daily_recommended_intake": 450
  },
  "Caffeine (mg)": {
    "daily_recommended_intake": "None"
  }
}
